Built,n,prop
3.5.0,297,0.911042944785276
3.5.1,26,0.07975460122699386
3.5.2,3,0.009202453987730062
