Built,n,prop
3.5.0,301,0.9121212121212121
3.5.1,26,0.07878787878787878
3.5.2,3,0.00909090909090909
