Built,n,prop
3.5.0,307,0.8976608187134503
3.5.1,31,0.09064327485380116
3.5.2,4,0.011695906432748537
